release_id,release_name,album_total_streams,deep_cut_streams,css_score
1,SOUR,523474732,190354288,0.363636057986463
2,GUTS,638946893,191683935,0.299999792001493
3,Emails I Can't Send,237014950,71104332,0.2999993544711
4,Short n' Sweet,565581662,169674354,0.299999744334002