artist_id,artist_name,total_streams,total_impressions,total_mentions,avg_sentiment_score,roh_score
1,Olivia Rodrigo,1162421625,138640000,9090,18.5419847328244,8.38446065349106
2,Sabrina Carpenter,802596612,138640000,9090,16.1526717557252,5.78906961915753